[
    {
      "title": "Sanju",
      "description": "2hr 35min",
      "detail": " Ranbir Kapoor",
      "rating": 8.0,
      "image": "sanju.jpg"
    },
    {
      "title": "Yeh Jawaani Hai Deewani",
      "detail": " Ranbir Kapoor",
      "description": "2hr 10min",
      "rating": 7.0,
      "image": "yjhd.jpg"

    },
    {
      "title": "Kabir Singh",
      "detail":"Shahid Kapoor, Kiara Advani",
      "description": "2hr 52min",
      "rating": 8.5,
      "image": "kabirsingh.jpg"
    },
    {
      "title": "Mel Karade Rabba",
      "detail": "Jimmy Shergill, Neeru Bajwa",
      "description": "2hr 17min",
      "rating": 10.0,
      "image": "mkr.jpeg"
    },
    {
      "title": "Fukrey",
      "detail": "Pulkit Samrat",
      "description": "2hr 19min",
      "rating": 7.8,
      "image": "fukrey.jpeg"
    },
    {
      "title": "Yaar Anmulle",
      "detail":"Arya Babbar, Hansraj Hans",
      "description": "2hr 22min",
      "rating": 8.5,
      "image": "yn.jpeg"
    },
    {
      "title": "Yaar Anmulle Returns", 
      "detail":"Prabh Gill, Harish Verma",
      "description": "2hr 10min",
      "rating": 9.0,
      "image": "yr2.jpeg"
    },
    {
      "title": "Chal Mera Putt",
      "detail": "Amrinder Gill",
      "description": "2hr 4min",
      "rating": 7.5,
      "image": "cmp.jpeg"
    },
    {
      "title": "Jihne Mera Dil Luteya",
      "detail":"Neeru Bajwa, Gippy Grewal",
      "description": "1hr 57min",
      "rating": 8.0,
      "image": "jmdl.jpeg"
    },
    {
      "title": "Mission:Impossible-4",
      "detail":"Tom Cruise",
      "description": "2hr 12min",
      "rating": 10.0,
      "image": "migp.jpeg"
    }
  ]
  